pelicula,votos,usuarios
Shrek 2,9,"ceroChotocientos, HappyOreo, Guille03, MonoJob, Cami Romero, RobinStark, Giuly, milasconfritasss, Mar —"
Memories of Murder,8,"Colorado, JohannabeSwan, Sr_Veron, melgloom, Moranna75, Mar —, Dirk, Jesúsr"
Esperando la carroza,7,"Guille03, aimu98, MonoJob, Cami Romero, Berchumess, AliceEncadenada, Dirk"
Cinema Paradiso,6,"aimu98, Roma, Merrcedes, junines, Dirk, Jesúsr"
Coraline,6,"HappyOreo, Vicx, kronos__420, anymor26, Sandoblah, Merrcedes"
La La Land,6,"hadafantastica, Sandoblah, Lola Landa, junines, EMA, Jesúsr"
Oldboy,6,"Cande Mazzini, Aioria Kimera, Baldra, Moranna75, tuto, Roxa9874"
Spider-Man 2,6,"Colorado, Churrasquinho, Costita, tuto, Jesúsr, Rick"
Mulan,5,"anymor26, melgloom, RobinStark, Papita Komi, Giuly"
The Lord of the Rings: The Return of the King,5,"luaa, jv, Costita, Moranna75, RobinStark"
The Rocky Horror Picture Show,5,"JohannabeSwan, Sr_Veron, Cami Romero, Merrcedes, Mar —"
10 Things I Hate About You,4,"valencita, moremidnights, mau, milasconfritasss"
Akira,4,"johsr, unamila, Churrasquinho, Rick"
Eternal Sunshine of the Spotless Mind,4,"Colorado, aimu98, MonoJob, Rick"
Hereditary,4,"vicky, Churrasquinho, Papita Komi, Giuly"
Interstellar,4,"KintsuGiA, tuto, mau, Dirk"
The Godfather,4,"luaa, Cande Mazzini, LaTienditaViajera, Costita"
The Secret in Their Eyes,4,"Cande Mazzini, Colorado, HappyOreo, tuto"
The Shawshank Redemption,4,"MonoJob, Costita, Dirk, Cacho"
The Truman Show,4,"Vicx, MonoJob, Merrcedes, Rick"
About Time,3,"Sandoblah, Merrcedes, Pippin Drogado"
Back to the Future,3,"luaa, Vicx, Cami Romero"
Before Sunset,3,"Colorado, Lola Landa, melgloom"
Brother Bear,3,"hadafantastica, melgloom, Papita Komi"
Hamnet,3,"vicky, camugaturra, GabiTejerina"
Harry Potter and the Philosopher's Stone,3,"anymor26, Roma, milasconfritasss"
In the Mood for Love,3,"danielebowski, EMA, Rick"
Kill Bill: Vol. 1,3,"tuto, RobinStark, junines"
Little Miss Sunshine,3,"JohannabeSwan, unamila, GabiTejerina"
Lost in Translation,3,"LaTienditaViajera, GustHal2814, Jesúsr"
Magnolia,3,"lucia, melgloom, Mar —"
Mamma Mia!,3,"JohannabeSwan, moremidnights, RobinStark"
Matilda,3,"vicky, Sandoblah, milasconfritasss"
Midsommar,3,"vicky, Papita Komi, Giuly"
Mulholland Drive,3,"Enfermito, francosixsixsix, lula"
Neon Genesis Evangelion: The End of Evangelion,3,"HappyOreo, francosixsixsix, Jesúsr"
Perfect Blue,3,"Vicx, vicky, Mar —"
Porco Rosso,3,"Colorado, jv, Sr_Veron"
Pride & Prejudice,3,"moremidnights, Cami Romero, mau"
Shrek,3,"luaa, johsr, Churrasquinho"
Spirited Away,3,"kronos__420, Sandoblah, francosixsixsix"
Stand by Me,3,"LaTienditaViajera, lucia, Cacho"
The Handmaiden,3,"JohannabeSwan, hadafantastica, Roxa9874"
The Incredibles,3,"anymor26, Roma, Costita"
The Lion King,3,"Cande Mazzini, HappyOreo, jv"
The Lord of the Rings: The Fellowship of the Ring,3,"Enfermito, EMA, Pippin Drogado"
12 Angry Men,2,"LaTienditaViajera, Berchumess"
A Brighter Summer Day,2,"Enfermito, pinkerblu"
Amadeus,2,"pinkerblu, Roxa9874"
Autumn Sonata,2,"lucia, melgloom"
Before Sunrise,2,"aimu98, Roxa9874"
Billy Elliot,2,"Berchumess, Dirk"
Black Swan,2,"kronos__420, RobinStark"
Braveheart,2,"Withingale, Pippin Drogado"
Ciudad de Dios,2,"porritotibio, Roxa9874"
Dead Poets Society,2,"valencita, vicky"
District 9,2,"porritotibio, Churrasquinho"
Django Unchained,2,"ceroChotocientos, MonoJob"
Dog Day Afternoon,2,"melgloom, Baldra"
Eyes Wide Shut,2,"francosixsixsix, Cacho"
Fantastic Mr. Fox,2,"vicky, unamila"
Forrest Gump,2,"luaa, Pippin Drogado"
GoodFellas,2,"ceroChotocientos, Jesúsr"
Historia de fantasmas,2,"johsr, danielebowski"
Howl's Moving Castle,2,"Vicx, Merrcedes"
Inglourious Basterds,2,"noir.luv, MonoJob"
It's a Wonderful Life,2,"luaa, EMA"
Jennifer's Body,2,"noir.luv, Carolina Galiano"
Lemonade Mouth,2,"valencita, Berchumess"
Little Women,2,"valencita, mau"
Man Facing Southeast,2,"milanesa de castor, francosixsixsix"
Manchester by the Sea,2,"danielebowski, Rick"
Memoir of a Snail,2,"HappyOreo, Guille03"
Moon of Avellaneda,2,"Guille03, junines"
Mysterious Skin,2,"Aioria Kimera, Havens_Cloud"
Nocturnal Animals,2,"Sandoblah, Roxa9874"
Nosferatu,2,"RobinStark, Papita Komi"
One Cut of the Dead,2,"Havens_Cloud, Giuly"
"París, Texas",2,"johsr, Roma"
Ponyo,2,"unamila, Lola Landa"
Prisoners,2,"Samuelo_0, Roxa9874"
Saw,2,"kronos__420, Carolina Galiano"
Shaolin Soccer,2,"pinkerblu, MonoJob"
Spider-Man,2,"Sandoblah, Cami Romero"
Star Wars: Episode VI - Return of the Jedi,2,"jv, GabiTejerina"
Tarzan,2,"Withingale, anymor26"
Terminator 2: Judgment Day,2,"luaa, jv"
The Batman,2,"Vicx, francosixsixsix"
The Elephant Man,2,"Enfermito, porritotibio"
The Exorcist,2,"Aioria Kimera, anymor26"
The Godfather Part II,2,"Roma, Jesúsr"
The Grand Budapest Hotel,2,"noir.luv, Costita"
The Matrix,2,"EMA, Pippin Drogado"
The Secret Life of Walter Mitty,2,"Colorado, unamila"
The Shining,2,"hadafantastica, Lola Landa"
The Witch,2,"hadafantastica, junines"
The Wizard of Oz,2,"Cami Romero, Berchumess"
Trenque Lauquen,2,"Guille03, camugaturra"
Twilight,2,"moremidnights, lula"
When Evil Lurks,2,"tuto, Papita Komi"
Wild Strawberries,2,"lucia, Rick"
Wolf Children,2,"HappyOreo, Baldra"
Your Name.,2,"camugaturra, mau"
Zathura: Una aventura espacial,2,"porritotibio, Costita"
100 METERS,1,Dirk
13 Going on 30,1,milasconfritasss
8½,1,johsr
A Street Cat Named Bob,1,GabiTejerina
A Walk to Remember,1,mau
After Hours,1,melgloom
Alice in Wonderland,1,valencita
Alien: Romulus,1,KintsuGiA
Aliens,1,GustHal2814
All About Eve,1,Havens_Cloud
American Beauty,1,noir.luv
American Mary,1,Carolina Galiano
American Sniper,1,GustHal2814
Apocalypse Now,1,Jesúsr
Arrival,1,mau
Attack on Titan: THE LAST ATTACK,1,tuto
Avatar,1,kronos__420
Avengers: Endgame,1,Pippin Drogado
Baby Driver,1,Samuelo_0
Barbie and the Diamond Castle,1,JohannabeSwan
Barry Lyndon,1,Rick
Barton Fink,1,Cacho
Batman Begins,1,EMA
Batman: Mask of the Phantasm,1,GustHal2814
Battle Royale,1,Sr_Veron
Bañeros 3: Todopoderosos,1,aimu98
Beauty and the Beast,1,moremidnights
Bicentennial Man,1,Guille03
Big Fish,1,lula
Big Hero 6,1,Withingale
Blade Runner,1,johsr
Blade Runner 2049,1,Lola Landa
"Blow-Up, deseo de una mañana de verano",1,johsr
Bolt,1,Withingale
Bombón El Perro,1,milanesa de castor
Boyz n the Hood,1,GabiTejerina
Breakfast at Tiffany's,1,lula
Bridget Jones's Diary,1,luaa
Brokeback Mountain,1,milasconfritasss
But I'm a Cheerleader,1,JohannabeSwan
CODA,1,mau
Camera Buff,1,lucia
Camila,1,aimu98
Cape Fear,1,Roma
Carnival of Souls,1,francosixsixsix
Casino Royale,1,GustHal2814
Castle of Purity,1,noir.luv
Catch Me If You Can,1,ceroChotocientos
Chestnut: Hero of Central Park,1,Berchumess
Chicken Little,1,porritotibio
Child's Play,1,junines
Children of Men,1,Samuelo_0
Chocolate,1,GabiTejerina
Christiane F.,1,Aioria Kimera
Christmas in August,1,noir.luv
Chronicle of a Boy Alone,1,milanesa de castor
Chronicle of an Escape,1,ceroChotocientos
Chungking Express,1,hadafantastica
Climax,1,Sandoblah
Cléo from 5 to 7,1,Havens_Cloud
Como si fuera la primera vez,1,porritotibio
Confessions of a Teenage Drama Queen,1,milasconfritasss
Corpse Bride,1,valencita
Crash,1,Carolina Galiano
Cruel Intentions,1,Carolina Galiano
Dark Water,1,AliceEncadenada
Dawn of the Dead,1,Giuly
Demon Slayer: Kimetsu no Yaiba - To the Hashira Training,1,Papita Komi
Dinosaur,1,Guille03
Dirty Dancing,1,moremidnights
Don't Breathe,1,Merrcedes
Donnie Darko,1,Churrasquinho
Dragon Ball Z: The History of Trunks,1,Withingale
Dreams,1,danielebowski
Drive,1,Colorado
Drive My Car,1,noir.luv
Dumb and Dumber,1,Cande Mazzini
Dumplings,1,Aioria Kimera
Dune: Part Two,1,tuto
Edward Scissorhands,1,Sandoblah
El Camino: A Breaking Bad Movie,1,Dirk
El dependiente,1,EMA
El diario de un chico en apuros 2: Las reglas de Rodrick,1,porritotibio
El lado oscuro del corazón,1,Sr_Veron
El Árbol de la Vida,1,johsr
Eraserhead,1,KintsuGiA
Everything Everywhere All at Once,1,tuto
Evil Dead II,1,anymor26
Fantastic Planet,1,Moranna75
Fargo,1,noir.luv
Fear and Loathing in Las Vegas,1,Cacho
Fight Club,1,GabiTejerina
Freaky Friday,1,milasconfritasss
Freddy vs. Jason,1,AliceEncadenada
Fury,1,Pippin Drogado
Ghost World,1,Aioria Kimera
Ghostbusters,1,GustHal2814
Ginger Snaps,1,Carolina Galiano
Godzilla,1,Baldra
Gone Girl,1,RobinStark
Gone with the Wind,1,Havens_Cloud
Good Time,1,Baldra
Grave of the Fireflies,1,AliceEncadenada
Guillermo del Toro's Pinocchio,1,Guille03
Gummo,1,milanesa de castor
Harry Potter and the Goblet of Fire,1,Guille03
Harry Potter and the Prisoner of Azkaban,1,Cande Mazzini
Heat,1,danielebowski
Heathers,1,Vicx
Hedwig and the Angry Inch,1,Roxa9874
Hercules,1,anymor26
High School Musical,1,Withingale
High School Musical 2,1,anymor26
Hostel,1,AliceEncadenada
House,1,pinkerblu
How to Make Millions Before Grandma Dies,1,camugaturra
Hugo,1,ceroChotocientos
I Am Cuba,1,LaTienditaViajera
I Love You Phillip Morris,1,unamila
I Saw the TV Glow,1,Aioria Kimera
Incendies,1,francosixsixsix
Inception,1,kronos__420
Into the Wild,1,Samuelo_0
Irreversible,1,aimu98
James and the Giant Peach,1,ceroChotocientos
Jaws,1,junines
"Jeanne Dielman, 23, quai du Commerce, 1080 Bruxelles",1,lucia
Joker,1,kronos__420
Jurassic Park,1,Lola Landa
Kung Fu Hustle,1,unamila
Kung Fu Panda 2,1,unamila
Labyrinth,1,moremidnights
Lars and the Real Girl,1,EMA
Las acacias,1,Moranna75
Lawrence of Arabia,1,pinkerblu
Legally Blonde,1,camugaturra
Legally Blonde: The Musical,1,Berchumess
Les Misérables,1,RobinStark
Let the Right One In,1,pinkerblu
Licorice Pizza,1,danielebowski
Life of Pi,1,camugaturra
Linda Linda Linda,1,pinkerblu
Little Shop of Horrors,1,KintsuGiA
Logan,1,Samuelo_0
Long Day's Journey Into Night,1,Baldra
Léon: The Professional,1,AliceEncadenada
Mad Max: Fury Road,1,Merrcedes
Man on Fire,1,AliceEncadenada
Mars Attacks!,1,unamila
Marty Supreme,1,junines
Mean Girls,1,Cande Mazzini
Mean Streets,1,Roma
Moana,1,camugaturra
"Monsters, Inc.",1,jv
Monty Python and the Holy Grail,1,Enfermito
Mr. Nobody,1,Cacho
My Best Friend's Wedding,1,camugaturra
Mystic River,1,lula
Napoleon Dynamite,1,porritotibio
Natural Born Killers,1,Roma
Nights of Cabiria,1,milanesa de castor
Nirvana the Band the Show: Live @ the Rivoli,1,HappyOreo
No Country for Old Men,1,Cande Mazzini
One Piece: Baron Omatsuri and the Secret Island,1,vicky
Ong-Bak,1,luaa
Pacific Rim,1,Churrasquinho
Paper Moon,1,Enfermito
Paprika,1,KintsuGiA
Parasite,1,kronos__420
Pavane,1,noir.luv
Persepolis,1,LaTienditaViajera
Persona,1,Havens_Cloud
Peter Pan,1,Costita
Phantom of the Paradise,1,Enfermito
Plata dulce,1,KintsuGiA
Pokémon 3: The Movie,1,Churrasquinho
Poor Things,1,lula
Portrait of a Lady on Fire,1,Havens_Cloud
Possession,1,Mar —
Primer,1,porritotibio
Prozac Nation,1,Carolina Galiano
Pulp Fiction,1,EMA
Punch-Drunk Love,1,jv
Ratatouille,1,hadafantastica
Rebellion in Patagonia,1,LaTienditaViajera
Repo! The Genetic Opera,1,Carolina Galiano
RoboCop,1,GustHal2814
Rocky,1,Pippin Drogado
Roma,1,lucia
Rosemary's Baby,1,Giuly
Scarface,1,Roma
Scent of a Woman,1,jv
School of Rock,1,Sr_Veron
Scream,1,Sr_Veron
Se7en,1,Vicx
Seeking a Friend for the End of the World,1,danielebowski
Sentimental Value,1,Berchumess
Seven Samurai,1,Moranna75
Shaun of the Dead,1,Withingale
Silvia Prieto,1,milanesa de castor
Singin' in the Rain,1,Sr_Veron
Sinners,1,Cacho
Soul,1,camugaturra
Spider-Man: Across the Spider-Verse,1,valencita
Spider-Man: Into the Spider-Verse,1,vicky
Stalker,1,milanesa de castor
Star Wars: Episode III - Revenge of the Sith,1,GabiTejerina
Suicide,1,AliceEncadenada
Suicide Room,1,kronos__420
Superbad,1,aimu98
Sur,1,junines
Surf's Up,1,Lola Landa
Suspiria,1,JohannabeSwan
Swiss Army Man,1,Churrasquinho
"Synecdoche, New York",1,Cacho
Taste of Cherry,1,lucia
Taxi Driver,1,milanesa de castor
Terciopelo azul,1,johsr
Terrified,1,Papita Komi
The 400 Blows,1,pinkerblu
The Addams Family,1,Withingale
The Adventures of Tintin,1,ceroChotocientos
The Aristocats,1,Vicx
The Bird People in China,1,Baldra
The Boss: Anatomy of a Crime,1,Moranna75
The Bothersome Man,1,Moranna75
The Breakfast Club,1,Sr_Veron
The Butterfly Effect,1,MonoJob
The Cabinet of Dr. Caligari,1,Mar —
The Children's Hour,1,Havens_Cloud
The Choice,1,mau
The Chorus,1,LaTienditaViajera
The Departed,1,Samuelo_0
The Devil Wears Prada,1,Lola Landa
The Fast and the Furious: Tokyo Drift,1,melgloom
The First Slam Dunk,1,Pippin Drogado
The Fly,1,Mar —
"The Good, the Bad and the Ugly",1,KintsuGiA
The Graduate,1,danielebowski
The Green Mile,1,Cacho
The Holy Mountain,1,francosixsixsix
The Hunger Games,1,valencita
The Hunger Games: Catching Fire,1,JohannabeSwan
The Iron Giant,1,Colorado
The Lives of Others,1,Moranna75
The Long Goodbye,1,Enfermito
The Lovely Bones,1,lula
The Mortal Instruments: City of Bones,1,moremidnights
The Naked Gun: From the Files of Police Squad!,1,KintsuGiA
The Ninth Gate,1,GustHal2814
The Notebook,1,Cande Mazzini
The Poughkeepsie Tapes,1,AliceEncadenada
The Princess Bride,1,moremidnights
The Princess Diaries,1,milasconfritasss
The Purple Rose of Cairo,1,lucia
The Revenant,1,Samuelo_0
The Seventh Seal,1,GustHal2814
The Shape of Water,1,lula
The Sixth Sense,1,Papita Komi
The Theory of Everything,1,Merrcedes
The Thing,1,Roxa9874
The Vanishing,1,Dirk
The White Diamond,1,Baldra
The Wizard of Gore,1,Cami Romero
The Wolf of Wall Street,1,Costita
The Worst Person in the World,1,lula
The Young and the Damned,1,LaTienditaViajera
Thesis,1,HappyOreo
Thirteen,1,Carolina Galiano
Time for Revenge,1,Enfermito
Titanic,1,Cami Romero
Totally F***ed Up,1,Baldra
Toy Story,1,KintsuGiA
Toy Story 3,1,jv
Train Dreams,1,Samuelo_0
Two Sons of Francisco,1,ceroChotocientos
Umberto D.,1,Rick
Un Buen Día,1,aimu98
Uptown Girls,1,valencita
Velvet Goldmine,1,Aioria Kimera
Vertigo,1,Havens_Cloud
Videodrome,1,Aioria Kimera
Volver,1,hadafantastica
WALL-E,1,Withingale
We Live in Time,1,Berchumess
Weathering with You,1,danielebowski
"Welcome Back, Mr. McDonald",1,pinkerblu
What Dreams May Come,1,GabiTejerina
Where Is The Friend's House?,1,milanesa de castor
Whiplash,1,Samuelo_0
Whisky,1,Mar —
White Chicks,1,Giuly
X-Men: First Class,1,Lola Landa
Y Tu Mamá También,1,hadafantastica
