usuario,pelicula
luaa,Terminator 2: Judgment Day
luaa,It's a Wonderful Life
luaa,Forrest Gump
luaa,Bridget Jones's Diary
luaa,Back to the Future
luaa,The Lord of the Rings: The Return of the King
luaa,The Godfather
luaa,Ong-Bak
luaa,Shrek
ceroChotocientos,Shrek 2
ceroChotocientos,Django Unchained
ceroChotocientos,Catch Me If You Can
ceroChotocientos,Two Sons of Francisco
ceroChotocientos,The Adventures of Tintin
ceroChotocientos,GoodFellas
ceroChotocientos,Chronicle of an Escape
ceroChotocientos,James and the Giant Peach
ceroChotocientos,Hugo
johsr,"París, Texas"
johsr,El Árbol de la Vida
johsr,Historia de fantasmas
johsr,Shrek
johsr,Akira
johsr,Terciopelo azul
johsr,"Blow-Up, deseo de una mañana de verano"
johsr,8½
johsr,Blade Runner
noir.luv,Drive My Car
noir.luv,Fargo
noir.luv,Jennifer's Body
noir.luv,The Grand Budapest Hotel
noir.luv,Christmas in August
noir.luv,Castle of Purity
noir.luv,American Beauty
noir.luv,Inglourious Basterds
noir.luv,Pavane
Cande Mazzini,No Country for Old Men
Cande Mazzini,The Godfather
Cande Mazzini,Oldboy
Cande Mazzini,The Secret in Their Eyes
Cande Mazzini,Harry Potter and the Prisoner of Azkaban
Cande Mazzini,The Notebook
Cande Mazzini,The Lion King
Cande Mazzini,Dumb and Dumber
Cande Mazzini,Mean Girls
Enfermito,Time for Revenge
Enfermito,The Long Goodbye
Enfermito,Paper Moon
Enfermito,Monty Python and the Holy Grail
Enfermito,A Brighter Summer Day
Enfermito,The Lord of the Rings: The Fellowship of the Ring
Enfermito,The Elephant Man
Enfermito,Mulholland Drive
Enfermito,Phantom of the Paradise
pinkerblu,Shaolin Soccer
pinkerblu,A Brighter Summer Day
pinkerblu,Linda Linda Linda
pinkerblu,Lawrence of Arabia
pinkerblu,Let the Right One In
pinkerblu,"Welcome Back, Mr. McDonald"
pinkerblu,Amadeus
pinkerblu,The 400 Blows
pinkerblu,House
porritotibio,El diario de un chico en apuros 2: Las reglas de Rodrick
porritotibio,The Elephant Man
porritotibio,Chicken Little
porritotibio,District 9
porritotibio,Ciudad de Dios
porritotibio,Napoleon Dynamite
porritotibio,Zathura: Una aventura espacial
porritotibio,Primer
porritotibio,Como si fuera la primera vez
Colorado,Spider-Man 2
Colorado,The Secret Life of Walter Mitty
Colorado,The Iron Giant
Colorado,The Secret in Their Eyes
Colorado,Memories of Murder
Colorado,Eternal Sunshine of the Spotless Mind
Colorado,Porco Rosso
Colorado,Drive
Colorado,Before Sunset
JohannabeSwan,But I'm a Cheerleader
JohannabeSwan,Mamma Mia!
JohannabeSwan,Barbie and the Diamond Castle
JohannabeSwan,The Rocky Horror Picture Show
JohannabeSwan,Suspiria
JohannabeSwan,Memories of Murder
JohannabeSwan,The Hunger Games: Catching Fire
JohannabeSwan,The Handmaiden
JohannabeSwan,Little Miss Sunshine
HappyOreo,Shrek 2
HappyOreo,Wolf Children
HappyOreo,Nirvana the Band the Show: Live @ the Rivoli
HappyOreo,The Secret in Their Eyes
HappyOreo,Thesis
HappyOreo,Coraline
HappyOreo,The Lion King
HappyOreo,Neon Genesis Evangelion: The End of Evangelion
HappyOreo,Memoir of a Snail
Aioria Kimera,Oldboy
Aioria Kimera,Dumplings
Aioria Kimera,Videodrome
Aioria Kimera,The Exorcist
Aioria Kimera,Ghost World
Aioria Kimera,Mysterious Skin
Aioria Kimera,I Saw the TV Glow
Aioria Kimera,Christiane F.
Aioria Kimera,Velvet Goldmine
hadafantastica,La La Land
hadafantastica,The Witch
hadafantastica,Chungking Express
hadafantastica,Volver
hadafantastica,Brother Bear
hadafantastica,The Shining
hadafantastica,The Handmaiden
hadafantastica,Y Tu Mamá También
hadafantastica,Ratatouille
jv,Star Wars: Episode VI - Return of the Jedi
jv,The Lord of the Rings: The Return of the King
jv,Porco Rosso
jv,The Lion King
jv,Terminator 2: Judgment Day
jv,Punch-Drunk Love
jv,"Monsters, Inc."
jv,Scent of a Woman
jv,Toy Story 3
Guille03,Moon of Avellaneda
Guille03,Trenque Lauquen
Guille03,Esperando la carroza
Guille03,Harry Potter and the Goblet of Fire
Guille03,Shrek 2
Guille03,Memoir of a Snail
Guille03,Guillermo del Toro's Pinocchio
Guille03,Dinosaur
Guille03,Bicentennial Man
Vicx,Heathers
Vicx,Coraline
Vicx,The Batman
Vicx,Howl's Moving Castle
Vicx,Back to the Future
Vicx,Se7en
Vicx,The Truman Show
Vicx,Perfect Blue
Vicx,The Aristocats
kronos__420,Spirited Away
kronos__420,Parasite
kronos__420,Coraline
kronos__420,Inception
kronos__420,Black Swan
kronos__420,Suicide Room
kronos__420,Joker
kronos__420,Saw
kronos__420,Avatar
KintsuGiA,The Naked Gun: From the Files of Police Squad!
KintsuGiA,Alien: Romulus
KintsuGiA,"The Good, the Bad and the Ugly"
KintsuGiA,Interstellar
KintsuGiA,Plata dulce
KintsuGiA,Paprika
KintsuGiA,Eraserhead
KintsuGiA,Little Shop of Horrors
KintsuGiA,Toy Story
aimu98,Un Buen Día
aimu98,Eternal Sunshine of the Spotless Mind
aimu98,Before Sunrise
aimu98,Esperando la carroza
aimu98,Superbad
aimu98,Camila
aimu98,Cinema Paradiso
aimu98,Bañeros 3: Todopoderosos
aimu98,Irreversible
MonoJob,The Truman Show
MonoJob,Esperando la carroza
MonoJob,Eternal Sunshine of the Spotless Mind
MonoJob,The Shawshank Redemption
MonoJob,Inglourious Basterds
MonoJob,The Butterfly Effect
MonoJob,Shrek 2
MonoJob,Django Unchained
MonoJob,Shaolin Soccer
Sr_Veron,Porco Rosso
Sr_Veron,The Breakfast Club
Sr_Veron,El lado oscuro del corazón
Sr_Veron,Singin' in the Rain
Sr_Veron,The Rocky Horror Picture Show
Sr_Veron,Scream
Sr_Veron,Memories of Murder
Sr_Veron,School of Rock
Sr_Veron,Battle Royale
valencita,Uptown Girls
valencita,Alice in Wonderland
valencita,10 Things I Hate About You
valencita,Dead Poets Society
valencita,Lemonade Mouth
valencita,Corpse Bride
valencita,The Hunger Games
valencita,Spider-Man: Across the Spider-Verse
valencita,Little Women
vicky,Matilda
vicky,Perfect Blue
vicky,Fantastic Mr. Fox
vicky,Dead Poets Society
vicky,Hereditary
vicky,Midsommar
vicky,One Piece: Baron Omatsuri and the Secret Island
vicky,Hamnet
vicky,Spider-Man: Into the Spider-Verse
Withingale,The Addams Family
Withingale,High School Musical
Withingale,Braveheart
Withingale,Dragon Ball Z: The History of Trunks
Withingale,Tarzan
Withingale,WALL-E
Withingale,Shaun of the Dead
Withingale,Big Hero 6
Withingale,Bolt
anymor26,Coraline
anymor26,High School Musical 2
anymor26,Hercules
anymor26,Tarzan
anymor26,Mulan
anymor26,Evil Dead II
anymor26,Harry Potter and the Philosopher's Stone
anymor26,The Exorcist
anymor26,The Incredibles
unamila,Little Miss Sunshine
unamila,The Secret Life of Walter Mitty
unamila,Kung Fu Panda 2
unamila,Kung Fu Hustle
unamila,Akira
unamila,Ponyo
unamila,Mars Attacks!
unamila,I Love You Phillip Morris
unamila,Fantastic Mr. Fox
moremidnights,Twilight
moremidnights,10 Things I Hate About You
moremidnights,Pride & Prejudice
moremidnights,The Princess Bride
moremidnights,Labyrinth
moremidnights,Mamma Mia!
moremidnights,Beauty and the Beast
moremidnights,Dirty Dancing
moremidnights,The Mortal Instruments: City of Bones
Sandoblah,La La Land
Sandoblah,Coraline
Sandoblah,Nocturnal Animals
Sandoblah,About Time
Sandoblah,Spirited Away
Sandoblah,Matilda
Sandoblah,Spider-Man
Sandoblah,Climax
Sandoblah,Edward Scissorhands
danielebowski,In the Mood for Love
danielebowski,Manchester by the Sea
danielebowski,Historia de fantasmas
danielebowski,The Graduate
danielebowski,Weathering with You
danielebowski,Dreams
danielebowski,Seeking a Friend for the End of the World
danielebowski,Heat
danielebowski,Licorice Pizza
Cami Romero,Titanic
Cami Romero,Shrek 2
Cami Romero,Spider-Man
Cami Romero,Pride & Prejudice
Cami Romero,Back to the Future
Cami Romero,The Wizard of Oz
Cami Romero,The Wizard of Gore
Cami Romero,Esperando la carroza
Cami Romero,The Rocky Horror Picture Show
Roma,The Godfather Part II
Roma,"París, Texas"
Roma,Scarface
Roma,Cape Fear
Roma,Cinema Paradiso
Roma,Harry Potter and the Philosopher's Stone
Roma,Mean Streets
Roma,Natural Born Killers
Roma,The Incredibles
Churrasquinho,Pokémon 3: The Movie
Churrasquinho,Spider-Man 2
Churrasquinho,Shrek
Churrasquinho,Hereditary
Churrasquinho,District 9
Churrasquinho,Pacific Rim
Churrasquinho,Swiss Army Man
Churrasquinho,Akira
Churrasquinho,Donnie Darko
Lola Landa,Surf's Up
Lola Landa,The Devil Wears Prada
Lola Landa,The Shining
Lola Landa,Before Sunset
Lola Landa,La La Land
Lola Landa,Blade Runner 2049
Lola Landa,Ponyo
Lola Landa,X-Men: First Class
Lola Landa,Jurassic Park
LaTienditaViajera,The Young and the Damned
LaTienditaViajera,I Am Cuba
LaTienditaViajera,Rebellion in Patagonia
LaTienditaViajera,Stand by Me
LaTienditaViajera,Persepolis
LaTienditaViajera,12 Angry Men
LaTienditaViajera,Lost in Translation
LaTienditaViajera,The Godfather
LaTienditaViajera,The Chorus
Merrcedes,About Time
Merrcedes,Howl's Moving Castle
Merrcedes,The Truman Show
Merrcedes,Mad Max: Fury Road
Merrcedes,Cinema Paradiso
Merrcedes,Don't Breathe
Merrcedes,The Rocky Horror Picture Show
Merrcedes,The Theory of Everything
Merrcedes,Coraline
milanesa de castor,Stalker
milanesa de castor,Chronicle of a Boy Alone
milanesa de castor,Nights of Cabiria
milanesa de castor,Bombón El Perro
milanesa de castor,Where Is The Friend's House?
milanesa de castor,Gummo
milanesa de castor,Man Facing Southeast
milanesa de castor,Taxi Driver
milanesa de castor,Silvia Prieto
lucia,Wild Strawberries
lucia,Magnolia
lucia,Roma
lucia,Autumn Sonata
lucia,Taste of Cherry
lucia,Camera Buff
lucia,"Jeanne Dielman, 23, quai du Commerce, 1080 Bruxelles"
lucia,Stand by Me
lucia,The Purple Rose of Cairo
francosixsixsix,Neon Genesis Evangelion: The End of Evangelion
francosixsixsix,Carnival of Souls
francosixsixsix,Mulholland Drive
francosixsixsix,Incendies
francosixsixsix,The Holy Mountain
francosixsixsix,Eyes Wide Shut
francosixsixsix,Man Facing Southeast
francosixsixsix,Spirited Away
francosixsixsix,The Batman
Costita,The Shawshank Redemption
Costita,The Lord of the Rings: The Return of the King
Costita,The Wolf of Wall Street
Costita,The Grand Budapest Hotel
Costita,The Godfather
Costita,Zathura: Una aventura espacial
Costita,The Incredibles
Costita,Spider-Man 2
Costita,Peter Pan
melgloom,Memories of Murder
melgloom,Dog Day Afternoon
melgloom,Before Sunset
melgloom,After Hours
melgloom,Magnolia
melgloom,The Fast and the Furious: Tokyo Drift
melgloom,Autumn Sonata
melgloom,Mulan
melgloom,Brother Bear
lula,Mulholland Drive
lula,Poor Things
lula,Twilight
lula,The Worst Person in the World
lula,The Shape of Water
lula,The Lovely Bones
lula,Breakfast at Tiffany's
lula,Mystic River
lula,Big Fish
Baldra,Long Day's Journey Into Night
Baldra,Wolf Children
Baldra,Totally F***ed Up
Baldra,The Bird People in China
Baldra,Oldboy
Baldra,Good Time
Baldra,The White Diamond
Baldra,Godzilla
Baldra,Dog Day Afternoon
Moranna75,Memories of Murder
Moranna75,Oldboy
Moranna75,The Lord of the Rings: The Return of the King
Moranna75,Fantastic Planet
Moranna75,Seven Samurai
Moranna75,The Boss: Anatomy of a Crime
Moranna75,The Bothersome Man
Moranna75,Las acacias
Moranna75,The Lives of Others
camugaturra,Moana
camugaturra,Soul
camugaturra,Your Name.
camugaturra,Hamnet
camugaturra,Trenque Lauquen
camugaturra,How to Make Millions Before Grandma Dies
camugaturra,My Best Friend's Wedding
camugaturra,Legally Blonde
camugaturra,Life of Pi
tuto,Everything Everywhere All at Once
tuto,Kill Bill: Vol. 1
tuto,When Evil Lurks
tuto,Dune: Part Two
tuto,Oldboy
tuto,Interstellar
tuto,The Secret in Their Eyes
tuto,Attack on Titan: THE LAST ATTACK
tuto,Spider-Man 2
RobinStark,Black Swan
RobinStark,Nosferatu
RobinStark,Les Misérables
RobinStark,Gone Girl
RobinStark,Kill Bill: Vol. 1
RobinStark,The Lord of the Rings: The Return of the King
RobinStark,Mamma Mia!
RobinStark,Mulan
RobinStark,Shrek 2
Havens_Cloud,Vertigo
Havens_Cloud,One Cut of the Dead
Havens_Cloud,Gone with the Wind
Havens_Cloud,Portrait of a Lady on Fire
Havens_Cloud,Persona
Havens_Cloud,Cléo from 5 to 7
Havens_Cloud,The Children's Hour
Havens_Cloud,Mysterious Skin
Havens_Cloud,All About Eve
Carolina Galiano,Crash
Carolina Galiano,Cruel Intentions
Carolina Galiano,Thirteen
Carolina Galiano,Repo! The Genetic Opera
Carolina Galiano,Saw
Carolina Galiano,Prozac Nation
Carolina Galiano,Ginger Snaps
Carolina Galiano,American Mary
Carolina Galiano,Jennifer's Body
mau,CODA
mau,Arrival
mau,Little Women
mau,Interstellar
mau,Pride & Prejudice
mau,A Walk to Remember
mau,Your Name.
mau,The Choice
mau,10 Things I Hate About You
Samuelo_0,Whiplash
Samuelo_0,Baby Driver
Samuelo_0,Into the Wild
Samuelo_0,Logan
Samuelo_0,Train Dreams
Samuelo_0,The Revenant
Samuelo_0,Children of Men
Samuelo_0,The Departed
Samuelo_0,Prisoners
Papita Komi,The Sixth Sense
Papita Komi,Nosferatu
Papita Komi,Hereditary
Papita Komi,Mulan
Papita Komi,When Evil Lurks
Papita Komi,Midsommar
Papita Komi,Terrified
Papita Komi,Brother Bear
Papita Komi,Demon Slayer: Kimetsu no Yaiba - To the Hashira Training
Berchumess,Billy Elliot
Berchumess,We Live in Time
Berchumess,Sentimental Value
Berchumess,Esperando la carroza
Berchumess,Chestnut: Hero of Central Park
Berchumess,Legally Blonde: The Musical
Berchumess,12 Angry Men
Berchumess,The Wizard of Oz
Berchumess,Lemonade Mouth
Giuly,Rosemary's Baby
Giuly,Hereditary
Giuly,Shrek 2
Giuly,Mulan
Giuly,One Cut of the Dead
Giuly,Dawn of the Dead
Giuly,Midsommar
Giuly,White Chicks
GustHal2814,RoboCop
GustHal2814,Lost in Translation
GustHal2814,Aliens
GustHal2814,Batman: Mask of the Phantasm
GustHal2814,The Seventh Seal
GustHal2814,Ghostbusters
GustHal2814,Casino Royale
GustHal2814,American Sniper
GustHal2814,The Ninth Gate
GabiTejerina,Star Wars: Episode III - Revenge of the Sith
GabiTejerina,Star Wars: Episode VI - Return of the Jedi
GabiTejerina,Fight Club
GabiTejerina,Little Miss Sunshine
GabiTejerina,Boyz n the Hood
GabiTejerina,Hamnet
GabiTejerina,Chocolate
GabiTejerina,What Dreams May Come
GabiTejerina,A Street Cat Named Bob
junines,Cinema Paradiso
junines,Jaws
junines,Moon of Avellaneda
junines,Kill Bill: Vol. 1
junines,Child's Play
junines,La La Land
junines,Marty Supreme
junines,The Witch
junines,Sur
EMA,Lars and the Real Girl
EMA,In the Mood for Love
EMA,The Lord of the Rings: The Fellowship of the Ring
EMA,It's a Wonderful Life
EMA,Batman Begins
EMA,Pulp Fiction
EMA,El dependiente
EMA,La La Land
EMA,The Matrix
Roxa9874,Oldboy
Roxa9874,Nocturnal Animals
Roxa9874,Amadeus
Roxa9874,The Thing
Roxa9874,Before Sunrise
Roxa9874,The Handmaiden
Roxa9874,Prisoners
Roxa9874,Hedwig and the Angry Inch
Roxa9874,Ciudad de Dios
AliceEncadenada,Man on Fire
AliceEncadenada,Grave of the Fireflies
AliceEncadenada,Léon: The Professional
AliceEncadenada,Esperando la carroza
AliceEncadenada,Suicide
AliceEncadenada,Hostel
AliceEncadenada,Dark Water
AliceEncadenada,The Poughkeepsie Tapes
AliceEncadenada,Freddy vs. Jason
milasconfritasss,Confessions of a Teenage Drama Queen
milasconfritasss,Matilda
milasconfritasss,Brokeback Mountain
milasconfritasss,Shrek 2
milasconfritasss,Freaky Friday
milasconfritasss,10 Things I Hate About You
milasconfritasss,Harry Potter and the Philosopher's Stone
milasconfritasss,The Princess Diaries
milasconfritasss,13 Going on 30
Mar —,Magnolia
Mar —,The Rocky Horror Picture Show
Mar —,The Fly
Mar —,The Cabinet of Dr. Caligari
Mar —,Perfect Blue
Mar —,Memories of Murder
Mar —,Whisky
Mar —,Possession
Mar —,Shrek 2
Dirk,100 METERS
Dirk,The Vanishing
Dirk,Memories of Murder
Dirk,Esperando la carroza
Dirk,Billy Elliot
Dirk,El Camino: A Breaking Bad Movie
Dirk,The Shawshank Redemption
Dirk,Cinema Paradiso
Dirk,Interstellar
Jesúsr,Cinema Paradiso
Jesúsr,GoodFellas
Jesúsr,The Godfather Part II
Jesúsr,Apocalypse Now
Jesúsr,La La Land
Jesúsr,Lost in Translation
Jesúsr,Spider-Man 2
Jesúsr,Memories of Murder
Jesúsr,Neon Genesis Evangelion: The End of Evangelion
Pippin Drogado,About Time
Pippin Drogado,Rocky
Pippin Drogado,Forrest Gump
Pippin Drogado,The First Slam Dunk
Pippin Drogado,Fury
Pippin Drogado,Braveheart
Pippin Drogado,Avengers: Endgame
Pippin Drogado,The Matrix
Pippin Drogado,The Lord of the Rings: The Fellowship of the Ring
Cacho,"Synecdoche, New York"
Cacho,The Shawshank Redemption
Cacho,The Green Mile
Cacho,Fear and Loathing in Las Vegas
Cacho,Barton Fink
Cacho,Mr. Nobody
Cacho,Sinners
Cacho,Eyes Wide Shut
Cacho,Stand by Me
Rick,Wild Strawberries
Rick,Akira
Rick,The Truman Show
Rick,Barry Lyndon
Rick,Eternal Sunshine of the Spotless Mind
Rick,Manchester by the Sea
Rick,Umberto D.
Rick,In the Mood for Love
Rick,Spider-Man 2
